bootstrap,AFL_f1_12lead,AFL_f1_II_V1,delta
0,0.8922558922558923,0.9109947643979057,0.01873887214201342
1,0.9063545150501672,0.9244288224956063,0.01807430744543914
2,0.882943143812709,0.8920353982300885,0.009092254417379486
3,0.9117174959871589,0.9125214408233276,0.0008039448361687462
4,0.9013157894736842,0.9156626506024096,0.014346861128725408
5,0.890282131661442,0.912106135986733,0.02182400432529097
6,0.8945578231292517,0.8896672504378283,-0.004890572691423345
7,0.9021558872305141,0.8996539792387543,-0.0025019079917597553
8,0.9022082018927445,0.897822445561139,-0.004385756331605539
9,0.8933333333333333,0.9154929577464789,0.022159624413145562
10,0.887459807073955,0.9008403361344538,0.013380529060498803
11,0.889261744966443,0.8961937716262975,0.006932026659854595
12,0.8809135399673735,0.9015025041736227,0.020588964206249116
13,0.8814691151919867,0.9044368600682594,0.022967744876272733
14,0.9038785834738617,0.9119718309859155,0.008093247512053758
15,0.9121212121212121,0.8987341772151899,-0.013387034906022222
16,0.8977635782747604,0.907563025210084,0.009799446935323641
17,0.9196850393700787,0.9154704944178629,-0.0042145449522158485
18,0.8681135225375626,0.8833922261484098,0.015278703610847266
19,0.8789808917197452,0.8957264957264958,0.016745604006750514
20,0.8786885245901639,0.9087779690189329,0.03008944442876904
21,0.8745762711864407,0.8797127468581688,0.005136475671728147
22,0.8752136752136752,0.8843283582089553,0.009114682995280066
23,0.8888888888888888,0.9119718309859155,0.02308294209702666
24,0.8928,0.9212730318257957,0.028473031825795636
25,0.8837209302325582,0.89198606271777,0.008265132485211879
26,0.8930390492359932,0.9090909090909091,0.016051859854915862
27,0.831304347826087,0.8780487804878049,0.046744432661717905
28,0.8877005347593583,0.9070208728652751,0.019320338105916823
29,0.9188311688311688,0.910958904109589,-0.007872264721579758
30,0.9096573208722741,0.9258064516129032,0.01614913074062907
31,0.8903225806451613,0.8831615120274914,-0.007161068617669963
32,0.8656195462478184,0.8897196261682243,0.02410007992040586
33,0.8986928104575164,0.8737201365187713,-0.024972673938745027
34,0.9099836333878887,0.9211908931698775,0.011207259781988776
35,0.9029275808936826,0.8986928104575164,-0.004234770436166269
36,0.9059011164274322,0.9057851239669421,-0.0001159924604900997
37,0.8848080133555927,0.9052631578947369,0.02045514453914421
38,0.8930390492359932,0.8900523560209425,-0.0029866932150507397
39,0.9062980030721967,0.9176090468497576,0.01131104377756098
40,0.8786885245901639,0.9055944055944056,0.02690588100424174
41,0.8656716417910447,0.8880994671403197,0.02242782534927501
42,0.9,0.8938356164383562,-0.006164383561643838
43,0.8826446280991735,0.9084628670120898,0.025818238912916236
44,0.8932038834951457,0.8858131487889274,-0.007390734706218316
45,0.8896,0.9015025041736227,0.011902504173622708
46,0.8743718592964824,0.8884955752212389,0.014123715924756475
47,0.9211746522411128,0.9131832797427653,-0.007991372498347582
48,0.8913385826771654,0.9006622516556292,0.009323668978463817
49,0.9065420560747663,0.9174917491749175,0.010949693100151148
50,0.8806451612903226,0.8964346349745331,0.015789473684210575
51,0.9071803852889667,0.8808664259927798,-0.02631395929618696
52,0.9,0.9115646258503401,0.011564625850340127
53,0.8960244648318043,0.9149277688603531,0.018903304028548784
54,0.89375,0.8932676518883416,-0.00048234811165848157
55,0.8794788273615635,0.8960817717206133,0.016602944359049854
56,0.8896321070234113,0.9057971014492754,0.016164994425864054
57,0.8871224165341812,0.8758169934640523,-0.01130542307012894
58,0.8801369863013698,0.8928571428571429,0.012720156555773077
59,0.8888888888888888,0.9020979020979021,0.013209013209013243
60,0.9070146818923328,0.9087837837837838,0.0017691018914509637
61,0.8944723618090452,0.8873483535528596,-0.007124008256185643
62,0.9105180533751962,0.912106135986733,0.0015880826115367563
63,0.8934817170111288,0.9057239057239057,0.012242188712776936
64,0.8939641109298532,0.9013605442176871,0.007396433287833903
65,0.8991735537190083,0.9035532994923858,0.004379745773377519
66,0.8948247078464107,0.887719298245614,-0.007105409600796642
67,0.8977635782747604,0.8979591836734694,0.00019560539870899785
68,0.8783783783783784,0.8952042628774423,0.01682588449906386
69,0.8998410174880763,0.8963210702341137,-0.003519947253962652
70,0.8903225806451613,0.886986301369863,-0.0033362792752983372
71,0.9039735099337748,0.9054054054054054,0.0014318954716305843
72,0.8996655518394648,0.903448275862069,0.003782724022604156
73,0.8838709677419355,0.879045996592845,-0.004824971149090529
74,0.8935483870967742,0.9172413793103448,0.023692992213570574
75,0.9061488673139159,0.9266666666666666,0.020517799352750776
76,0.8660130718954249,0.8982456140350877,0.03223254213966287
77,0.8828250401284109,0.9162393162393162,0.033414276110905305
78,0.9133858267716536,0.9055374592833876,-0.007848367488266006
79,0.8896551724137931,0.8944543828264758,0.0047992104126827195
80,0.8942307692307693,0.9047619047619048,0.010531135531135494
81,0.8833333333333333,0.8892857142857142,0.005952380952380931
82,0.8688783570300158,0.9081803005008348,0.039301943470818945
83,0.8793103448275862,0.8828828828828829,0.00357253805529667
84,0.896551724137931,0.9182608695652174,0.021709145427286303
85,0.8844884488448845,0.9192982456140351,0.034809796769150525
86,0.8874172185430463,0.8984509466437177,0.01103372810067138
87,0.8911917098445595,0.9097472924187726,0.01855558257421308
88,0.8873483535528596,0.896551724137931,0.00920337058507148
89,0.8987341772151899,0.91,0.011265822784810142
90,0.8857142857142857,0.8793388429752066,-0.006375442739079085
91,0.9003322259136213,0.9110320284697508,0.010699802556129567
92,0.8998357963875205,0.9233390119250426,0.023503215537522104
93,0.8838709677419355,0.8854700854700854,0.0015991177281499125
94,0.8820678513731826,0.8983050847457628,0.016237233372580206
95,0.8763693270735524,0.9159802306425041,0.039610903568951694
96,0.8998357963875205,0.9159519725557461,0.016116176168225582
97,0.8943089430894309,0.9078726968174204,0.01356375372798957
98,0.9178743961352657,0.9355371900826446,0.017662793947378908
99,0.8832335329341318,0.909967845659164,0.02673431272503224
100,0.8932038834951457,0.9121621621621622,0.018958278667016493
101,0.8794567062818336,0.9119718309859155,0.03251512470408191
102,0.896875,0.9064039408866995,0.009528940886699533
103,0.8844221105527639,0.8798586572438163,-0.004563453308947585
104,0.8852988691437803,0.9059233449477352,0.020624475803954878
105,0.864321608040201,0.8964285714285715,0.03210696338837049
106,0.8839427662957074,0.9072512647554806,0.02330849845977312
107,0.8977635782747604,0.9008403361344538,0.003076757859693413
108,0.8860353130016051,0.899488926746167,0.013453613744561888
109,0.8896,0.9148580968280468,0.025258096828046805
110,0.8998357963875205,0.906896551724138,0.00706075533661743
111,0.8756388415672913,0.8916967509025271,0.016057909335235765
112,0.9139072847682119,0.9217391304347826,0.007831845666570691
113,0.8940397350993378,0.9219858156028369,0.027946080503499116
114,0.8986486486486487,0.91005291005291,0.011404261404261318
115,0.8809135399673735,0.9,0.019086460032626484
116,0.9011345218800648,0.9217970049916805,0.02066248311161567
117,0.8978328173374613,0.9114331723027376,0.013600354965276229
118,0.8776508972267537,0.8938356164383562,0.016184719211602472
119,0.887459807073955,0.8941176470588236,0.006657839984868574
120,0.9,0.9157894736842105,0.015789473684210464
121,0.8768472906403941,0.9,0.023152709359605894
122,0.8774834437086093,0.8973913043478261,0.01990786063921679
123,0.8925619834710744,0.902229845626072,0.009667862154997597
124,0.9085173501577287,0.8958677685950414,-0.012649581562687362
125,0.8933333333333333,0.8836424957841484,-0.009690837549184872
126,0.8777219430485762,0.8976660682226212,0.01994412517404498
127,0.8913738019169329,0.8918918918918919,0.0005180899749589463
128,0.9119718309859155,0.9104204753199269,-0.0015513556659886296
129,0.8990536277602523,0.914572864321608,0.015519236561355676
130,0.8877374784110535,0.8901303538175046,0.002392875406451056
131,0.9023569023569024,0.8931034482758621,-0.00925345408104028
132,0.8775510204081632,0.8948306595365418,0.0172796391283786
133,0.8993288590604027,0.89419795221843,-0.005130906841972704
134,0.8856682769726248,0.8866328257191202,0.0009645487464953195
135,0.887459807073955,0.9078498293515358,0.0203900222775808
136,0.8904109589041096,0.8994515539305301,0.009040595026420517
137,0.8935483870967742,0.9035532994923858,0.010004912395611631
138,0.8688783570300158,0.9084745762711864,0.03959621924117063
139,0.8790849673202614,0.8942807625649913,0.015195795244729915
140,0.8566610455311973,0.8725314183123878,0.015870372781190523
141,0.9024,0.9165247018739353,0.01412470187393533
142,0.8933333333333333,0.9055944055944056,0.012261072261072314
143,0.8844221105527639,0.9045936395759717,0.020171529023207846
144,0.8807947019867549,0.8904593639575972,0.009664661970842259
145,0.9079754601226994,0.9170731707317074,0.009097710609007992
146,0.9008130081300812,0.875,-0.02581300813008125
147,0.8979591836734694,0.9029126213592233,0.004953437685753959
148,0.8747855917667239,0.8985507246376812,0.023765132870957273
149,0.9016949152542373,0.875219683655536,-0.026475231598701243
150,0.8760330578512396,0.8969072164948454,0.020874158643605756
151,0.917981072555205,0.9265905383360522,0.008609465780847203
152,0.8942307692307693,0.9093959731543624,0.015165203923593107
153,0.8857589984350548,0.8892561983471075,0.003497199912052662
154,0.8971061093247589,0.9066666666666666,0.00956055734190775
155,0.8903436988543372,0.8940754039497307,0.003731705095393556
156,0.8906497622820919,0.8966666666666666,0.006016904384574695
157,0.9035532994923858,0.9110320284697508,0.007478728977365012
158,0.8998459167950693,0.912106135986733,0.012260219191663646
159,0.902027027027027,0.8907849829351536,-0.011242044091873349
160,0.9006622516556292,0.9324324324324325,0.03177018077680327
161,0.8870703764320785,0.8963093145869947,0.009238938154916165
162,0.8877721943048577,0.90625,0.018477805695142346
163,0.8970099667774086,0.8743545611015491,-0.022655405675859552
164,0.8916083916083916,0.8924731182795699,0.0008647266711783175
165,0.8844884488448845,0.9180887372013652,0.033600288356480656
166,0.8600682593856656,0.8716094032549728,0.011541143869307269
167,0.8758169934640523,0.9006849315068494,0.024867938042797078
168,0.8756756756756757,0.9094412331406551,0.033765557464979334
169,0.913312693498452,0.9161290322580645,0.0028163387596125133
170,0.9,0.8870151770657673,-0.012984822934232754
171,0.882661996497373,0.9038112522686026,0.021149255771229614
172,0.8803827751196173,0.9072847682119205,0.026901993092303234
173,0.9022801302931596,0.9037800687285223,0.0014999384353627798
174,0.8840336134453781,0.9055258467023173,0.021492233256939164
175,0.9001536098310292,0.9084967320261438,0.008343122195114572
176,0.8773109243697479,0.8892794376098418,0.011968513240093959
177,0.9058441558441559,0.8986486486486487,-0.007195507195507211
178,0.8741721854304636,0.9097345132743363,0.0355623278438727
179,0.8697123519458545,0.8921389396709324,0.022426587725077884
180,0.8833333333333333,0.8760907504363001,-0.007242582897033167
181,0.8825396825396825,0.9121621621621622,0.02962247962247966
182,0.8785357737104825,0.900709219858156,0.02217344614767347
183,0.8831168831168831,0.9044368600682594,0.02131997695137633
184,0.9024,0.9072847682119205,0.0048847682119205205
185,0.9111470113085622,0.9305555555555556,0.019408544246993342
186,0.9003115264797508,0.898360655737705,-0.0019508707420458071
187,0.896551724137931,0.9153713298791019,0.01881960574117081
188,0.8638655462184874,0.8920863309352518,0.02822078471676437
189,0.8566610455311973,0.8781362007168458,0.021475155185648576
190,0.8874388254486134,0.9001751313485113,0.012736305899897937
191,0.8888888888888888,0.8752136752136752,-0.013675213675213627
192,0.8713550600343053,0.8909090909090909,0.019554030874785577
193,0.8766233766233766,0.9122203098106713,0.03559693318729462
194,0.8952380952380953,0.907563025210084,0.012324929971988752
195,0.8695652173913043,0.9087779690189329,0.039212751627628606
196,0.8944881889763779,0.902027027027027,0.007538838050649033
197,0.8888888888888888,0.9211908931698775,0.03230200428098862
198,0.8717105263157895,0.8677248677248677,-0.0039856585909218145
199,0.8978930307941653,0.9165247018739353,0.01863167107977004
200,0.8866995073891626,0.8862068965517241,-0.0004926108374384564
201,0.8865619546247818,0.8840579710144928,-0.002503983610289029
202,0.9017713365539453,0.9035532994923858,0.0017819629384405733
203,0.867595818815331,0.9077490774907749,0.04015325867544395
204,0.8932038834951457,0.9100169779286927,0.01681309443354706
205,0.8974358974358975,0.8888888888888888,-0.008547008547008628
206,0.9073170731707317,0.8933333333333333,-0.013983739837398423
207,0.8976897689768977,0.9087779690189329,0.011088200042035257
208,0.8930390492359932,0.9065255731922398,0.01348652395624661
209,0.9106239460370995,0.8954703832752613,-0.015153562761838213
210,0.8956661316211878,0.910958904109589,0.015292772488401218
211,0.903125,0.9205834683954619,0.017458468395461946
212,0.9066666666666666,0.8961937716262975,-0.010472895040369079
213,0.919093851132686,0.9207920792079208,0.0016982280752347867
214,0.9102773246329527,0.9065743944636678,-0.0037029301692849126
215,0.8896210873146623,0.9131944444444444,0.023573357129782146
216,0.8866328257191202,0.8908450704225352,0.00421224470341508
217,0.869281045751634,0.88,0.010718954248365997
218,0.8866995073891626,0.90625,0.01955049261083741
219,0.8644939965694682,0.8848920863309353,0.020398089761467064
220,0.8676716917922948,0.8900709219858156,0.022399230193520858
221,0.8877887788778878,0.8923611111111112,0.004572332233223397
222,0.8851913477537438,0.8865979381443299,0.0014065903905861044
223,0.9087893864013267,0.9156626506024096,0.006873264201082918
224,0.901453957996769,0.9087837837837838,0.007329825787014799
225,0.8721311475409836,0.8831615120274914,0.011030364486507738
226,0.8968903436988543,0.896551724137931,-0.00033861956092329226
227,0.8790849673202614,0.9,0.0209150326797386
228,0.884310618066561,0.8904109589041096,0.0061003408375486234
229,0.887459807073955,0.8877551020408163,0.00029529496686131473
230,0.8832807570977917,0.8874388254486134,0.004158068350821664
231,0.8943089430894309,0.872852233676976,-0.021456709412454922
232,0.8795986622073578,0.888507718696398,0.008909056489040168
233,0.9107981220657277,0.9210526315789473,0.0102545095132196
234,0.8881889763779528,0.8859934853420195,-0.0021954910359333057
235,0.8745874587458746,0.8780487804878049,0.0034613217419302567
236,0.8866328257191202,0.8900523560209425,0.0034195303018222933
237,0.9177631578947368,0.8986013986013986,-0.019161759293338188
238,0.9008130081300812,0.9125874125874126,0.011774404457331356
239,0.9047619047619048,0.8936170212765957,-0.011144883485309065
240,0.8646748681898067,0.8833652007648184,0.018690332575011737
241,0.8936170212765957,0.8951747088186356,0.0015576875420398872
242,0.891846921797005,0.893542757417103,0.0016958356200980074
243,0.9076682316118936,0.922824302134647,0.015156070522753362
244,0.8856209150326797,0.9015544041450777,0.015933489112398003
245,0.8814691151919867,0.9126559714795008,0.031186856287514164
246,0.891156462585034,0.8822495606326889,-0.008906901952345114
247,0.893542757417103,0.9048473967684022,0.011304639351299217
248,0.899505766062603,0.919931856899489,0.020426090836885957
249,0.9006622516556292,0.9185441941074524,0.017881942451823174
250,0.8980891719745223,0.8933333333333333,-0.004755838641189003
251,0.9026845637583892,0.8963093145869947,-0.006375249171394537
252,0.8881578947368421,0.9143835616438356,0.02622566690699346
253,0.8581560283687943,0.8830188679245283,0.024862839555733984
254,0.9133858267716536,0.9129032258064517,-0.0004826009652019181
255,0.8737541528239202,0.9311594202898551,0.057405267465934884
256,0.8602150537634409,0.8913857677902621,0.031170714026821256
257,0.8836424957841484,0.8942807625649913,0.010638266780842898
258,0.8849270664505673,0.889261744966443,0.004334678515875656
259,0.8878048780487805,0.9087837837837838,0.020978905735003273
260,0.8861911987860395,0.9041533546325878,0.017962155846548367
261,0.8707482993197279,0.9,0.029251700680272164
262,0.8990536277602523,0.9168081494057725,0.01775452164552016
263,0.8760330578512396,0.8736842105263158,-0.0023488473249237973
264,0.8964401294498382,0.912751677852349,0.01631154840251081
265,0.8945578231292517,0.9097345132743363,0.015176690145084604
266,0.9056,0.9045226130653267,-0.0010773869346732967
267,0.8881578947368421,0.903114186851211,0.014956292114368885
268,0.9041533546325878,0.9144736842105263,0.010320329577938492
269,0.8767605633802817,0.8892988929889298,0.012538329608648091
270,0.8719723183391004,0.8981132075471698,0.02614088920806945
271,0.9096774193548387,0.9033333333333333,-0.00634408602150538
272,0.9216589861751152,0.9043760129659644,-0.017282973209150843
273,0.9110764430577223,0.9102990033222591,-0.0007774397354631812
274,0.8780487804878049,0.8972602739726028,0.019211493484797892
275,0.8874172185430463,0.9113475177304965,0.023930299187450155
276,0.8874172185430463,0.896551724137931,0.009134505594884712
277,0.8962108731466227,0.8888888888888888,-0.007321984257733893
278,0.8853615520282186,0.8884826325411335,0.00312108051291482
279,0.863481228668942,0.8961748633879781,0.03269363471903619
280,0.8791946308724832,0.8586387434554974,-0.020555887416985774
281,0.8697123519458545,0.87569573283859,0.005983380892735535
282,0.9082125603864735,0.9050847457627119,-0.003127814623761549
283,0.9071207430340558,0.9147540983606557,0.007633355326599922
284,0.8819672131147541,0.902027027027027,0.02005981391227285
285,0.8957654723127035,0.9016949152542373,0.005929442941533747
286,0.901453957996769,0.889267461669506,-0.012186496327262986
287,0.8655172413793103,0.8833034111310593,0.01778616975174896
288,0.8950617283950617,0.9147540983606557,0.01969236996559398
289,0.8866328257191202,0.887719298245614,0.0010864725264938535
290,0.8903436988543372,0.9109243697478991,0.02058067089356197
291,0.9074733096085409,0.8851851851851852,-0.022288124423355704
292,0.8948247078464107,0.9074733096085409,0.01264860176213023
293,0.9054726368159204,0.9209621993127147,0.01548956249679434
294,0.8957055214723927,0.9102362204724409,0.01453069900004822
295,0.8936170212765957,0.8939130434782608,0.00029602220166513593
296,0.8924558587479936,0.8941176470588236,0.0016617883108299702
297,0.8950819672131147,0.9165247018739353,0.021442734660820584
298,0.8966666666666666,0.9094076655052264,0.012740998838559836
299,0.8896103896103896,0.8950086058519794,0.0053982162415897594
300,0.9008403361344538,0.896551724137931,-0.004288611996522751
301,0.8663282571912013,0.9136690647482014,0.0473408075570001
302,0.8711256117455138,0.889267461669506,0.018141849923992148
303,0.9211356466876972,0.9058441558441559,-0.015291490843541311
304,0.8941176470588236,0.8948306595365418,0.0007130124777182667
305,0.8655172413793103,0.8909774436090225,0.025460202229712237
306,0.8946515397082658,0.9010238907849829,0.0063723510767170755
307,0.907051282051282,0.9308600337268128,0.02380875167553076
308,0.8885400313971743,0.8922056384742952,0.003665607077120936
309,0.8760907504363001,0.8909426987060998,0.01485194826979963
310,0.8896103896103896,0.9134125636672326,0.02380217405684293
311,0.9060955518945635,0.9084628670120898,0.002367315117526303
312,0.896774193548387,0.9137931034482759,0.017018909899888857
313,0.9131121642969984,0.9081967213114754,-0.004915442985522933
314,0.9214175654853621,0.9096671949286846,-0.011750370556677492
315,0.9066666666666666,0.9043478260869565,-0.002318840579710102
316,0.8907563025210085,0.8916518650088809,0.000895562487872481
317,0.8817567567567568,0.9139784946236559,0.03222173786689908
318,0.8758389261744967,0.8983957219251337,0.02255679575063707
319,0.8973143759873617,0.891846921797005,-0.005467454190356769
320,0.8949919224555735,0.9186440677966101,0.023652145341036657
321,0.8829113924050633,0.9210084033613445,0.03809701095628115
322,0.8957264957264958,0.9020979020979021,0.0063714063714063185
323,0.8963210702341137,0.9075342465753424,0.011213176341228759
324,0.8874388254486134,0.8805704099821747,-0.006868415466438682
325,0.88107202680067,0.8745519713261649,-0.006520055474505071
326,0.8977635782747604,0.9284525790349417,0.03068900076018133
327,0.8840336134453781,0.9119718309859155,0.02793821754053738
328,0.8925619834710744,0.9027777777777778,0.010215794306703385
329,0.8862876254180602,0.9173989455184535,0.031111320100393303
330,0.9129720853858785,0.8996655518394648,-0.013306533546413646
331,0.8733333333333333,0.8807017543859649,0.00736842105263158
332,0.872852233676976,0.8809946714031972,0.008142437726221252
333,0.8932038834951457,0.9153713298791019,0.02216744638395618
334,0.8808290155440415,0.916058394160584,0.03522937861654252
335,0.8840336134453781,0.8819444444444444,-0.0020891690009336994
336,0.8837209302325582,0.9017543859649123,0.018033455732354153
337,0.9006211180124224,0.9072847682119205,0.006663650199498106
338,0.9021558872305141,0.9065743944636678,0.0044185072331537345
339,0.8814691151919867,0.9198606271777003,0.03839151198571367
340,0.8881578947368421,0.8934707903780069,0.005312895641164772
341,0.9158576051779935,0.9122203098106713,-0.0036372953673222685
342,0.9019607843137255,0.8847583643122676,-0.017202420001457885
343,0.8805237315875614,0.8936170212765957,0.013093289689034338
344,0.8885191347753744,0.8989547038327527,0.010435569057378302
345,0.8884955752212389,0.874296435272045,-0.014199139949193862
346,0.9242902208201893,0.9070146818923328,-0.017275538927856493
347,0.9096573208722741,0.9429037520391517,0.03324643116687753
348,0.9061488673139159,0.9038785834738617,-0.0022702838400541214
349,0.8907563025210085,0.8924731182795699,0.0017168157585614185
350,0.9008695652173913,0.8929219600725953,-0.007947605144795977
351,0.9090909090909091,0.9006622516556292,-0.008428657435279874
352,0.8842443729903537,0.8993288590604027,0.015084486070048975
353,0.8909952606635071,0.9018302828618968,0.010835022198389721
354,0.889589905362776,0.9024793388429752,0.012889433480199108
355,0.8936170212765957,0.9087779690189329,0.015160947742337227
356,0.8756218905472637,0.9037800687285223,0.028158178181258653
357,0.9001692047377327,0.8920353982300885,-0.00813380650764417
358,0.875,0.9087719298245615,0.03377192982456145
359,0.9294871794871795,0.9315960912052117,0.0021089117180321804
360,0.8760611205432938,0.910394265232975,0.03433314468968118
361,0.8774834437086093,0.8865619546247818,0.00907851091617251
362,0.9052969502407705,0.9170896785109983,0.011792728270227815
363,0.8992248062015504,0.9155844155844156,0.01635960938286518
364,0.881578947368421,0.89198606271777,0.010407115349349016
365,0.895330112721417,0.9,0.004669887278582974
366,0.895330112721417,0.8959731543624161,0.0006430416409990425
367,0.8848080133555927,0.8939929328621908,0.009184919506598166
368,0.8993506493506493,0.9016949152542373,0.0023442659035879387
369,0.8716216216216216,0.8916518650088809,0.02003024338725934
370,0.8957055214723927,0.9120521172638436,0.016346595791450924
371,0.9054263565891473,0.9082125603864735,0.002786203797326192
372,0.8959731543624161,0.9084507042253521,0.012477549862936033
373,0.8907563025210085,0.8888888888888888,-0.0018674136321196189
374,0.8966666666666666,0.9029982363315696,0.006331569664903003
375,0.9111111111111111,0.9169435215946844,0.005832410483573303
376,0.8819444444444444,0.8937728937728938,0.011828449328449397
377,0.8859504132231405,0.9046793760831889,0.018728962860048437
378,0.89,0.8732394366197183,-0.016760563380281757
379,0.8959731543624161,0.8846153846153846,-0.01135776974703151
380,0.8771331058020477,0.8709677419354839,-0.0061653638665638555
381,0.9102773246329527,0.8988391376451078,-0.011438186987844934
382,0.9051580698835274,0.9106830122591943,0.005524942375666919
383,0.9042904290429042,0.8923611111111112,-0.011929317931793082
384,0.8788927335640139,0.8687943262411347,-0.010098407322879144
385,0.8924558587479936,0.9028960817717206,0.010440223023727047
386,0.8806451612903226,0.8974789915966387,0.016833830306316133
387,0.8964285714285715,0.9014598540145985,0.0050312825860270305
388,0.8732876712328768,0.8974358974358975,0.024148226203020706
389,0.89937106918239,0.883495145631068,-0.015875923551321947
390,0.8878048780487805,0.8930390492359932,0.0052341711872126995
391,0.8866666666666667,0.8904347826086957,0.003768115942028971
392,0.8881889763779528,0.909688013136289,0.0214990367583362
393,0.8938906752411575,0.9129720853858785,0.01908141014472098
394,0.8877721943048577,0.9103690685413005,0.022596874236442854
395,0.8802588996763754,0.9206349206349206,0.0403760209585452
396,0.8787878787878788,0.8909090909090909,0.012121212121212088
397,0.8652931854199684,0.8912280701754386,0.025934884755470233
398,0.89419795221843,0.9178571428571428,0.0236591906387128
399,0.8637873754152824,0.8897058823529411,0.025918506937658736
400,0.9025641025641026,0.9113043478260869,0.008740245261984358
401,0.9063032367972743,0.9065255731922398,0.0002223363949654944
402,0.8911222780569514,0.8884955752212389,-0.0026267028357125355
403,0.8794567062818336,0.9045936395759717,0.02513693329413813
404,0.8844884488448845,0.8916083916083916,0.007119942763507026
405,0.8925619834710744,0.9204152249134948,0.027853241442420407
406,0.8842832469775475,0.8884758364312267,0.004192589453679285
407,0.8760330578512396,0.9078014184397163,0.03176836058847665
408,0.8885400313971743,0.8996655518394648,0.011125520442290537
409,0.8912280701754386,0.8807339449541285,-0.010494125221310102
410,0.8903654485049833,0.9176882661996497,0.02732281769466638
411,0.9006211180124224,0.9016393442622951,0.001018226249872689
412,0.8877721943048577,0.8960573476702509,0.00828515336539326
413,0.8445945945945946,0.879245283018868,0.034650688424273324
414,0.858085808580858,0.8823529411764706,0.02426713259561253
415,0.8998302207130731,0.9078014184397163,0.007971197726643231
416,0.898360655737705,0.8939130434782608,-0.0044476122594441225
417,0.8833333333333333,0.8857644991212654,0.0024311657879321213
418,0.8803986710963455,0.9097222222222222,0.0293235511258767
419,0.8907014681892332,0.8984509466437177,0.007749478454484482
420,0.88379705400982,0.9,0.016202945990180018
421,0.8947368421052632,0.903448275862069,0.008711433756805831
422,0.8929159802306426,0.9043478260869565,0.01143184585631396
423,0.8841761827079935,0.9168081494057725,0.032631966697779013
424,0.8945686900958466,0.9198036006546645,0.02523491055881788
425,0.8805237315875614,0.8989547038327527,0.0184309722451913
426,0.9030206677265501,0.912106135986733,0.00908546826018286
427,0.8974358974358975,0.9,0.002564102564102555
428,0.9020866773675762,0.9194630872483222,0.017376409880745958
429,0.8838821490467937,0.8880866425992779,0.004204493552484201
430,0.8969072164948454,0.8992805755395683,0.0023733590447229114
431,0.896551724137931,0.8972602739726028,0.0007085498346717234
432,0.8914473684210527,0.9056603773584906,0.014213008937437932
433,0.8922056384742952,0.8822495606326889,-0.009956077841606348
434,0.8903654485049833,0.9017543859649123,0.011388937459928972
435,0.890282131661442,0.9049180327868852,0.014635901125443218
436,0.8810289389067524,0.8918918918918919,0.010862952985139507
437,0.8811881188118812,0.8822495606326889,0.0010614418208076959
438,0.9029126213592233,0.9006849315068494,-0.002227689852373982
439,0.8885135135135135,0.8888888888888888,0.00037537537537535304
440,0.904320987654321,0.9297124600638977,0.025391472409576732
441,0.8931034482758621,0.8961748633879781,0.0030714151121160604
442,0.8934707903780069,0.9023941068139963,0.008923316435989426
443,0.8630849220103987,0.8795620437956204,0.01647712178522176
444,0.9161290322580645,0.9179229480737019,0.0017939158156373702
445,0.8773747841105354,0.8825622775800712,0.005187493469535842
446,0.9058441558441559,0.9193825042881647,0.013538348444008808
447,0.8642384105960265,0.8955752212389381,0.031336810642911606
448,0.8672,0.8877551020408163,0.020555102040816342
449,0.8956661316211878,0.9183673469387755,0.02270121531758773
450,0.900990099009901,0.882051282051282,-0.018938816958618987
451,0.9165354330708662,0.9049180327868852,-0.01161740028398095
452,0.9112227805695142,0.8977469670710572,-0.013475813498457057
453,0.8837209302325582,0.8991452991452992,0.015424368912741016
454,0.8814159292035398,0.8733944954128441,-0.008021433790695753
455,0.9016393442622951,0.9106529209621993,0.009013576699904213
456,0.8877551020408163,0.9261261261261261,0.03837102408530979
457,0.8877551020408163,0.9019607843137255,0.014205682272909192
458,0.8974358974358975,0.900163666121113,0.0027277686852155147
459,0.8915254237288136,0.9074733096085409,0.015947885879727286
460,0.9145569620253164,0.903010033444816,-0.011546928580500437
461,0.8940397350993378,0.9010238907849829,0.006984155685645144
462,0.8884826325411335,0.896551724137931,0.008069091596797584
463,0.8967851099830795,0.9087719298245615,0.011986819841481977
464,0.8940809968847352,0.9108589951377634,0.01677799825302817
465,0.8896,0.9100169779286927,0.020416977928692792
466,0.8856209150326797,0.882051282051282,-0.0035696329813976746
467,0.8885245901639345,0.9094017094017094,0.02087711923777491
468,0.8730434782608696,0.8860294117647058,0.012985933503836256
469,0.8975609756097561,0.8950086058519794,-0.002552369757776729
470,0.8941176470588236,0.9039145907473309,0.009796943688507365
471,0.8648648648648649,0.8631178707224335,-0.0017469941424314017
472,0.9110764430577223,0.887459807073955,-0.023616635983767287
473,0.879045996592845,0.8754578754578755,-0.0035881211349695352
474,0.8601036269430051,0.8736462093862816,0.01354258244327644
475,0.8899835796387521,0.8816466552315609,-0.008336924407191137
476,0.8718801996672213,0.8955752212389381,0.023695021571716768
477,0.8700173310225303,0.8777777777777778,0.007760446755247452
478,0.8773747841105354,0.9048473967684022,0.027472612657866824
479,0.8774834437086093,0.9097222222222222,0.0322387785136129
480,0.8747913188647746,0.8857142857142857,0.010922966849511107
481,0.9105431309904153,0.903010033444816,-0.007533097545599277
482,0.8910891089108911,0.9222797927461139,0.031190683835222832
483,0.8839590443686007,0.8892857142857142,0.005326669917113502
484,0.9093851132686084,0.9131175468483816,0.0037324335797732644
485,0.8934817170111288,0.8936170212765957,0.00013530426546692897
486,0.9060955518945635,0.89198606271777,-0.014109489176793444
487,0.8686868686868687,0.9100719424460432,0.04138507375917444
488,0.8819672131147541,0.9100169779286927,0.028049764813938616
489,0.8768472906403941,0.893542757417103,0.016695466776708856
490,0.8719611021069692,0.889267461669506,0.01730635956253679
491,0.9093851132686084,0.8848080133555927,-0.02457709991301571
492,0.8797364085667215,0.8926746166950597,0.012938208128338125
493,0.8974358974358975,0.9078726968174204,0.010436799381522976
494,0.8976897689768977,0.9065743944636678,0.008884625486770159
495,0.8790849673202614,0.8974789915966387,0.018394024276377263
496,0.8731466227347611,0.8679245283018868,-0.005222094432874247
497,0.8991735537190083,0.9153713298791019,0.016197776160093547
498,0.881578947368421,0.8916083916083916,0.010029444239970542
499,0.9045383411580594,0.8939641109298532,-0.01057423022820625
500,0.8907563025210085,0.8854166666666666,-0.005339635854341829
501,0.8849270664505673,0.8904109589041096,0.005483892453542305
502,0.8931034482758621,0.9272727272727272,0.03416927899686517
503,0.9060092449922958,0.9055374592833876,-0.00047178570890826776
504,0.8842832469775475,0.8957952468007313,0.01151199982318385
505,0.9045383411580594,0.9057851239669421,0.0012467828088826849
506,0.9105180533751962,0.9185667752442996,0.008048721869103437
507,0.9050632911392406,0.908485856905158,0.0034225657659174846
508,0.9165247018739353,0.9075043630017452,-0.009020338872190115
509,0.9120521172638436,0.9090909090909091,-0.0029612081729345485
510,0.864963503649635,0.8723809523809524,0.007417448731317333
511,0.9060955518945635,0.9041095890410958,-0.0019859628534676377
512,0.8906497622820919,0.903010033444816,0.01236027116272409
513,0.8923076923076924,0.8844765342960289,-0.007831158011663453
514,0.909952606635071,0.9078726968174204,-0.002079909817650605
515,0.9033333333333333,0.9192982456140351,0.015964912280701737
516,0.8655172413793103,0.8941605839416058,0.028643342562295504
517,0.8814102564102564,0.8929765886287625,0.011566332218506115
518,0.8899521531100478,0.9180887372013652,0.028136584091317363
519,0.8987993138936535,0.9055258467023173,0.006726532808663754
520,0.8936170212765957,0.8931034482758621,-0.0005135730007336248
521,0.8801313628899836,0.8939130434782608,0.013781680588277223
522,0.9010238907849829,0.8920863309352518,-0.008937559849731103
523,0.8874801901743264,0.9115191986644408,0.02403900849011431
524,0.8822495606326889,0.8761552680221811,-0.006094292610507757
525,0.898876404494382,0.9230769230769231,0.02420051858254113
526,0.8863636363636364,0.8900523560209425,0.0036887196573061054
527,0.9173166926677067,0.9200652528548124,0.0027485601871057863
528,0.8843537414965986,0.8884892086330936,0.00413546713649493
529,0.8811410459587956,0.8896321070234113,0.008491061064615724
530,0.9028960817717206,0.9087656529516994,0.005869571179978772
531,0.9051987767584098,0.9210950080515298,0.01589623129312001
532,0.8692579505300353,0.8848263254113345,0.015568374881299252
533,0.8822553897180763,0.8939929328621908,0.01173754314411457
534,0.89419795221843,0.9087656529516994,0.014567700733269406
535,0.8903878583473862,0.8911917098445595,0.0008038514971733246
536,0.9156626506024096,0.9264475743348983,0.010784923732488738
537,0.9078947368421053,0.9035532994923858,-0.004341437349719479
538,0.8848080133555927,0.9036777583187391,0.018869744963146418
539,0.901453957996769,0.8956228956228957,-0.005831062373873319
540,0.9033280507131537,0.9052287581699346,0.0019007074567809479
541,0.9049919484702094,0.8967851099830795,-0.008206838487129886
542,0.8790849673202614,0.9084628670120898,0.029377899691828357
543,0.88,0.9059233449477352,0.025923344947735183
544,0.8762886597938144,0.9077757685352622,0.03148710874144778
545,0.8809891808346213,0.9153094462540716,0.034320265419450324
546,0.8951747088186356,0.9006849315068494,0.005510222688213773
547,0.8744186046511628,0.900163666121113,0.025745061469950148
548,0.9003436426116839,0.9029982363315696,0.002654593719885745
549,0.8817567567567568,0.8908450704225352,0.009088313665778447
550,0.8988391376451078,0.9084628670120898,0.00962372936698197
551,0.8816466552315609,0.894927536231884,0.013280881000323097
552,0.9122807017543859,0.9251247920133111,0.01284409025892519
553,0.8907849829351536,0.8824593128390597,-0.008325670096093973
554,0.8892508143322475,0.9023569023569024,0.01310608802465485
555,0.8778877887788779,0.8694158075601375,-0.008471981218740376
556,0.905982905982906,0.8998242530755711,-0.006158652907334861
557,0.8885017421602788,0.8884826325411335,-1.9109619145307732e-05
558,0.8986928104575164,0.8908145580589255,-0.007878252398590857
559,0.8991452991452992,0.9194991055456172,0.02035380640031803
560,0.9023255813953488,0.9159802306425041,0.013654649247155315
561,0.8839427662957074,0.896551724137931,0.0126089578422236
562,0.8972602739726028,0.9094202898550725,0.012160015882469732
563,0.8949919224555735,0.9172413793103448,0.02224945685477131
564,0.8771331058020477,0.8932384341637011,0.016105328361653348
565,0.9076433121019108,0.9117647058823529,0.004121393780442073
566,0.8714733542319749,0.907563025210084,0.03608967097810911
567,0.8973509933774835,0.916955017301038,0.019604023923554537
568,0.875605815831987,0.903448275862069,0.02784246003008195
569,0.8932038834951457,0.8960817717206133,0.0028778882254676397
570,0.9,0.8970331588132635,-0.002966841186736513
571,0.9134948096885813,0.9133574007220217,-0.00013740896655967116
572,0.8807631160572337,0.9069373942470389,0.026174278189805222
573,0.8829113924050633,0.9133333333333333,0.030421940928269997
574,0.9049919484702094,0.9142857142857143,0.009293765815504895
575,0.8833333333333333,0.9087719298245615,0.02543859649122815
576,0.895330112721417,0.9228187919463087,0.02748867922489162
577,0.886326194398682,0.8815331010452961,-0.004793093353385847
578,0.8992,0.9072512647554806,0.00805126475548057
579,0.8756388415672913,0.8943661971830986,0.018727355615807295
580,0.8946515397082658,0.9181969949916527,0.023545455283386918
581,0.9043478260869565,0.9040139616055847,-0.0003338644813718483
582,0.8596491228070176,0.8992537313432836,0.03960460853626602
583,0.8756388415672913,0.9168207024029574,0.041181860835666106
584,0.8945578231292517,0.9274336283185841,0.03287580518933242
585,0.8870703764320785,0.9028960817717206,0.015825705339642115
586,0.9025974025974026,0.905982905982906,0.0033855033855033634
587,0.9017713365539453,0.9081803005008348,0.006408963946889501
588,0.8781302170283807,0.9005424954792043,0.02241227845082361
589,0.8571428571428571,0.8991150442477877,0.04197218710493056
590,0.8926746166950597,0.8865248226950354,-0.006149794000024245
591,0.8782894736842105,0.8818342151675485,0.003544741483337943
592,0.8987993138936535,0.8928571428571429,-0.005942171036510624
593,0.8697123519458545,0.8992805755395683,0.029568223593713805
594,0.8936170212765957,0.8918918918918919,-0.0017251293847038163
595,0.8990228013029316,0.9277310924369748,0.028708291134043273
596,0.8903436988543372,0.9097222222222222,0.019378523367885037
597,0.898876404494382,0.9090909090909091,0.010214504596527063
598,0.8948247078464107,0.9055944055944056,0.010769697747994966
599,0.8834154351395731,0.8993055555555556,0.015890120415982478
600,0.8989547038327527,0.9185185185185185,0.019563814685765846
601,0.8852988691437803,0.9204152249134948,0.0351163557697145
602,0.900163666121113,0.9081455805892548,0.007981914468141782
603,0.8856682769726248,0.8896321070234113,0.003963830050786488
604,0.879045996592845,0.8884955752212389,0.009449578628393906
605,0.900163666121113,0.918825561312608,0.01866189519149497
606,0.9169435215946844,0.8946459412780656,-0.02229758031661877
607,0.889267461669506,0.8869257950530035,-0.00234166661650248
608,0.8778761061946903,0.9107806691449815,0.032904562950291205
609,0.8809135399673735,0.889267461669506,0.00835392170213245
610,0.8697123519458545,0.8709677419354839,0.001255389989629374
611,0.897196261682243,0.9139072847682119,0.016711023085968946
612,0.8792270531400966,0.909710391822828,0.030483338682731342
613,0.8710217755443886,0.8976660682226212,0.02664429267823254
614,0.8888888888888888,0.8947368421052632,0.005847953216374324
615,0.9119496855345912,0.9039735099337748,-0.007976175600816426
616,0.8971631205673759,0.9020332717190388,0.004870151151662894
617,0.8870703764320785,0.9147826086956522,0.027712232263573666
618,0.8825503355704698,0.8869257950530035,0.004375459482533706
619,0.8955223880597015,0.9008695652173913,0.005347177157689731
620,0.8834782608695653,0.9041591320072333,0.020680871137668033
621,0.9039735099337748,0.9122203098106713,0.008246799876896471
622,0.9013157894736842,0.9008695652173913,-0.0004462242562929264
623,0.8760064412238325,0.8958333333333334,0.019826892109500838
624,0.8928571428571429,0.9161073825503355,0.02325023969319262
625,0.9042386185243328,0.915702479338843,0.011463860814510118
626,0.8771331058020477,0.8833922261484098,0.0062591203463621126
627,0.8768472906403941,0.9053356282271945,0.02848833758680036
628,0.9076433121019108,0.8993288590604027,-0.00831445304150813
629,0.8896321070234113,0.897887323943662,0.008255216920250663
630,0.8708609271523179,0.8717948717948718,0.0009339446425539188
631,0.8870151770657673,0.9094076655052264,0.02239248843945918
632,0.8958990536277602,0.9132569558101473,0.017357902182387086
633,0.8978930307941653,0.8986486486486487,0.0007556178544834147
634,0.8921095008051529,0.9081632653061225,0.016053764500969514
635,0.889937106918239,0.9087947882736156,0.018857681355376577
636,0.8888888888888888,0.9043478260869565,0.01545893719806768
637,0.8976897689768977,0.8973913043478261,-0.0002984646290715709
638,0.8717948717948718,0.8792792792792793,0.007484407484407485
639,0.8814691151919867,0.9042553191489362,0.022786203956949524
640,0.9072164948453608,0.8992805755395683,-0.007935919305792516
641,0.8871224165341812,0.8941176470588236,0.0069952305246423485
642,0.8839590443686007,0.8923611111111112,0.008402066742510428
643,0.8925081433224755,0.8922056384742952,-0.000302504848180285
644,0.9105431309904153,0.8963210702341137,-0.014222060756301613
645,0.8936170212765957,0.8919382504288165,-0.0016787708477792318
646,0.9030206677265501,0.9225589225589226,0.01953825483237248
647,0.9003215434083601,0.9139966273187183,0.01367508391035821
648,0.9008130081300812,0.9179229480737019,0.017109939943620645
649,0.8768472906403941,0.8834782608695653,0.00663097022917114
650,0.8917609046849758,0.9044368600682594,0.012675955383283588
651,0.8838709677419355,0.9178082191780822,0.033937251436146676
652,0.8858131487889274,0.8729874776386404,-0.012825671150286988
653,0.8853503184713376,0.9045226130653267,0.01917229459398906
654,0.9028006589785832,0.9112627986348123,0.008462139656229106
655,0.8903878583473862,0.9035714285714286,0.013183570224042374
656,0.9015025041736227,0.8931034482758621,-0.008399055897760577
657,0.9087837837837838,0.8865979381443299,-0.022185845639453916
658,0.9107413010590015,0.9235668789808917,0.012825577921890208
659,0.8952702702702703,0.8944543828264758,-0.0008158874437944608
660,0.8790849673202614,0.8896434634974533,0.010558496177191845
661,0.8961038961038961,0.9028960817717206,0.0067921856678245796
662,0.8878504672897196,0.8841761827079935,-0.0036742845817261394
663,0.9117174959871589,0.912751677852349,0.0010341818651901091
664,0.8948194662480377,0.8881469115191987,-0.006672554728838986
665,0.8666666666666667,0.8947368421052632,0.028070175438596467
666,0.8775834658187599,0.9013605442176871,0.023777078398927176
667,0.887719298245614,0.9064220183486239,0.018702720103009884
668,0.8794788273615635,0.8939130434782608,0.014434216116697374
669,0.9065420560747663,0.9111842105263158,0.004642154451549474
670,0.8948247078464107,0.9144851657940664,0.019660457947655696
671,0.8710217755443886,0.8978102189781022,0.02678844343371356
672,0.9117174959871589,0.9121621621621622,0.0004446661750032721
673,0.8888888888888888,0.8732876712328768,-0.015601217656012079
674,0.8739770867430442,0.8961937716262975,0.022216684883253346
675,0.8771331058020477,0.9045936395759717,0.02746053377392399
676,0.8777219430485762,0.8793103448275862,0.0015884017790099847
677,0.8917609046849758,0.9157894736842105,0.024028568999234667
678,0.8724137931034482,0.8884826325411335,0.016068839437685223
679,0.8888888888888888,0.8942807625649913,0.005391873676102499
680,0.8793388429752066,0.8896797153024911,0.010340872327284534
681,0.8954248366013072,0.8862068965517241,-0.009217940049583095
682,0.8656716417910447,0.8850174216027874,0.01934577981174268
683,0.8892355694227769,0.911864406779661,0.022628837356884035
684,0.9084967320261438,0.9035532994923858,-0.004943432533757952
685,0.902027027027027,0.9201388888888888,0.018111861861861867
686,0.9183673469387755,0.9173989455184535,-0.0009684014203220626
687,0.8909952606635071,0.9026845637583892,0.011689303094882142
688,0.8956661316211878,0.898989898989899,0.0033237673687112057
689,0.8745644599303136,0.8838095238095238,0.009245063879210202
690,0.9027113237639554,0.8870431893687708,-0.015668134395184552
691,0.9004893964110929,0.9112627986348123,0.010773402223719364
692,0.9064976228209192,0.9048414023372288,-0.001656220483690407
693,0.8990228013029316,0.9251700680272109,0.02614726672427936
694,0.9003215434083601,0.918918918918919,0.018597375510558845
695,0.8903878583473862,0.8842832469775475,-0.006104611369838753
696,0.8949919224555735,0.898989898989899,0.0039979765343255425
697,0.9079365079365079,0.9194630872483222,0.011526579311814222
698,0.8900169204737732,0.9120287253141831,0.022011804840409877
699,0.9053627760252366,0.8958677685950414,-0.009495007430195268
700,0.8713178294573644,0.8852459016393442,0.01392807218197989
701,0.8966613672496025,0.898989898989899,0.002328531740296458
702,0.9093799682034976,0.9093959731543624,1.600495086473419e-05
703,0.8666666666666667,0.8872727272727273,0.020606060606060628
704,0.8764415156507414,0.8790035587188612,0.0025620430681198014
705,0.9108589951377634,0.9129720853858785,0.0021130902481151237
706,0.8797364085667215,0.8862068965517241,0.006470487985002604
707,0.896124031007752,0.9018302828618968,0.0057062518541448615
708,0.8691099476439791,0.8827838827838828,0.01367393513990367
709,0.9028213166144201,0.9042904290429042,0.0014691124284841317
710,0.8944881889763779,0.9078726968174204,0.013384507841042503
711,0.8809135399673735,0.899488926746167,0.018575386778793446
712,0.8721311475409836,0.8939130434782608,0.021781895937277196
713,0.8936170212765957,0.8856624319419237,-0.007954589334671969
714,0.9102990033222591,0.9112627986348123,0.0009637953125531951
715,0.9062003179650239,0.8963210702341137,-0.009879247730910201
716,0.8849840255591054,0.903448275862069,0.018464250302963614
717,0.8802698145025295,0.902229845626072,0.0219600311235425
718,0.8888888888888888,0.9081803005008348,0.01929141161194592
719,0.889967637540453,0.9052287581699346,0.015261120629481595
720,0.8928571428571429,0.8809523809523809,-0.011904761904761973
721,0.886435331230284,0.9147540983606557,0.028318767130371736
722,0.8868217054263566,0.8975609756097561,0.010739270183399485
723,0.9152542372881356,0.8942307692307693,-0.021023468057366324
724,0.8911222780569514,0.9024390243902439,0.011316746333292493
725,0.8787346221441125,0.896551724137931,0.017817101993818585
726,0.8851351351351351,0.8812949640287769,-0.003840171106358148
727,0.8842832469775475,0.8848920863309353,0.0006088393533878467
728,0.8870151770657673,0.91005291005291,0.023037732987142734
729,0.8925619834710744,0.910958904109589,0.018396920638514613
730,0.8949919224555735,0.912751677852349,0.017759755396775545
731,0.8930817610062893,0.9161073825503355,0.023025621544046193
732,0.9028006589785832,0.9220338983050848,0.01923323932650156
733,0.8950819672131147,0.9217687074829932,0.026686740269878495
734,0.909952606635071,0.9315525876460768,0.021599981011005798
735,0.8870151770657673,0.900709219858156,0.013694042792388728
736,0.8734835355285961,0.8872458410351202,0.01376230550652402
737,0.8846761453396524,0.902027027027027,0.01735088168737453
738,0.89,0.8838821490467937,-0.006117850953206272
739,0.8948247078464107,0.900355871886121,0.0055311640397103234
740,0.8948948948948949,0.9157392686804452,0.020844373785550263
741,0.9047619047619048,0.9078260869565218,0.0030641821946170156
742,0.8831168831168831,0.9050847457627119,0.02196786264582884
743,0.8939641109298532,0.8651488616462347,-0.02881524928361845
744,0.8935483870967742,0.9146757679180887,0.02112738082131449
745,0.8803827751196173,0.8791946308724832,-0.001188144247134093
746,0.9088,0.9141914191419142,0.0053914191419141
747,0.8938906752411575,0.9210526315789473,0.02716195633778984
748,0.8741721854304636,0.9036777583187391,0.02950557288827549
749,0.8585858585858586,0.8833922261484098,0.02480636756255128
750,0.9087779690189329,0.8960573476702509,-0.012720621348682015
751,0.8936170212765957,0.8756388415672913,-0.017978179709304376
752,0.9027113237639554,0.9217687074829932,0.019057383719037868
753,0.8533333333333334,0.8712522045855379,0.017918871252204482
754,0.8972602739726028,0.9064748201438849,0.009214546171282145
755,0.8968903436988543,0.9100346020761245,0.01314425837727018
756,0.8962108731466227,0.9097222222222222,0.013511349075599477
757,0.87893864013267,0.8765217391304347,-0.002416901002235239
758,0.9072164948453608,0.9039145907473309,-0.003301904098029884
759,0.9048414023372288,0.896551724137931,-0.008289678199297712
760,0.8797364085667215,0.8911917098445595,0.011455301277838004
761,0.8932038834951457,0.9053356282271945,0.01213174473204881
762,0.8881118881118881,0.8901098901098901,0.0019980019980019303
763,0.8980891719745223,0.8960817717206133,-0.0020074002539089975
764,0.8962264150943396,0.9118136439267887,0.015587228832449007
765,0.8811188811188811,0.8990825688073395,0.017963687688458352
766,0.8857142857142857,0.907563025210084,0.021848739495798353
767,0.8918032786885246,0.9003436426116839,0.008540363923159267
768,0.8576388888888888,0.8716094032549728,0.013970514366083986
769,0.8896551724137931,0.9135802469135802,0.02392507449978709
770,0.8778135048231511,0.9170896785109983,0.03927617368784719
771,0.8730650154798761,0.8943089430894309,0.021243927609554736
772,0.8939641109298532,0.918825561312608,0.02486145038275478
773,0.8881889763779528,0.909688013136289,0.0214990367583362
774,0.9111842105263158,0.9026845637583892,-0.008499646767926583
775,0.88379705400982,0.8779661016949153,-0.005830952314904714
776,0.8793388429752066,0.8837209302325582,0.0043820872573515635
777,0.8936170212765957,0.8987993138936535,0.0051822926170578265
778,0.8825622775800712,0.9216417910447762,0.03907951346470495
779,0.8947368421052632,0.8987993138936535,0.004062471788390365
780,0.8714524207011686,0.8556701030927835,-0.01578231760838511
781,0.8773109243697479,0.875886524822695,-0.001424399547052868
782,0.8849840255591054,0.9021558872305141,0.017171861671408717
783,0.9117647058823529,0.9121621621621622,0.0003974562798092496
784,0.895330112721417,0.9037800687285223,0.008449956007105297
785,0.91,0.8919382504288165,-0.01806174957118356
786,0.8717105263157895,0.9078498293515358,0.036139303035746306
787,0.864,0.8858131487889274,0.021813148788927372
788,0.8881469115191987,0.8996539792387543,0.011507067719555675
789,0.896551724137931,0.9222972972972973,0.02574557315936621
790,0.9025974025974026,0.9094076655052264,0.0068102629078238275
791,0.9081632653061225,0.9075342465753424,-0.0006290187307800288
792,0.8981636060100167,0.9135802469135802,0.015416640903563539
793,0.8733333333333333,0.9,0.026666666666666727
794,0.898989898989899,0.9109947643979057,0.012004865408006715
795,0.8986486486486487,0.8838028169014085,-0.01484583174724019
796,0.915702479338843,0.9055944055944056,-0.01010807374443734
797,0.8998410174880763,0.9024793388429752,0.0026383213548988316
798,0.9049180327868852,0.9075043630017452,0.0025863302148599887
799,0.886435331230284,0.899505766062603,0.013070434832319067
800,0.8663282571912013,0.8839779005524862,0.017649643361284828
801,0.9064516129032258,0.9006849315068494,-0.005766681396376483
802,0.9067103109656302,0.9212730318257957,0.014562720860165523
803,0.9073170731707317,0.9168081494057725,0.009491076235040752
804,0.8708609271523179,0.9014084507042254,0.030547523551907485
805,0.8973509933774835,0.9018932874354562,0.0045422940579726845
806,0.9090909090909091,0.9178571428571428,0.008766233766233755
807,0.9010989010989011,0.899505766062603,-0.001593135036298099
808,0.9003322259136213,0.9178082191780822,0.01747599326446092
809,0.9,0.8956228956228957,-0.004377104377104368
810,0.8826446280991735,0.887719298245614,0.005074670146440474
811,0.89,0.8904847396768402,0.0004847396768401513
812,0.8752136752136752,0.8985507246376812,0.02333704942400594
813,0.8881469115191987,0.887719298245614,-0.0004276132735846483
814,0.9042386185243328,0.9176470588235294,0.013408440299196522
815,0.8768971332209107,0.896551724137931,0.019654590917020376
816,0.8852459016393442,0.9157894736842105,0.03054357204486624
817,0.9196850393700787,0.9240710823909531,0.0043860430208744194
818,0.9084745762711864,0.903114186851211,-0.005360389419975409
819,0.8917609046849758,0.9016949152542373,0.009934010569261464
820,0.8976897689768977,0.9027777777777778,0.005088008800880117
821,0.9024390243902439,0.9034608378870674,0.0010218134968235093
822,0.8776508972267537,0.872852233676976,-0.00479866354977776
823,0.891846921797005,0.9138840070298769,0.022037085232871956
824,0.8976377952755905,0.922824302134647,0.025186506859056434
825,0.8604651162790697,0.892416225749559,0.03195110947048929
826,0.898876404494382,0.9006849315068494,0.0018085270124673647
827,0.8803986710963455,0.8888888888888888,0.00849021779254333
828,0.8858131487889274,0.8901098901098901,0.004296741320962694
829,0.888135593220339,0.907103825136612,0.01896823191627306
830,0.8914473684210527,0.90625,0.014802631578947345
831,0.8903436988543372,0.8769497400346621,-0.01339395881967509
832,0.9025487256371814,0.915625,0.013076274362818663
833,0.9065420560747663,0.9181380417335474,0.01159598565878106
834,0.8885017421602788,0.8917431192660551,0.003241377105776322
835,0.8911222780569514,0.9017543859649123,0.010632107907960875
836,0.9082426127527217,0.9184,0.010157387247278327
837,0.8910891089108911,0.89419795221843,0.003108843307538911
838,0.8973966309341501,0.9116719242902208,0.014275293356070695
839,0.8797364085667215,0.9078014184397163,0.02806500987299476
840,0.8915254237288136,0.9084380610412927,0.01691263731247905
841,0.8972602739726028,0.8754325259515571,-0.0218277480210457
842,0.887459807073955,0.8974789915966387,0.010019184522683688
843,0.8745762711864407,0.896551724137931,0.021975452951490393
844,0.8796147672552167,0.8900169204737732,0.010402153218556531
845,0.9032258064516129,0.9100346020761245,0.006808795624511643
846,0.87893864013267,0.9036777583187391,0.02473911818606911
847,0.8992,0.8949152542372881,-0.004284745762711872
848,0.909688013136289,0.9121621621621622,0.0024741490258731735
849,0.875,0.8991150442477877,0.024115044247787654
850,0.8888888888888888,0.8865619546247818,-0.0023269342641070168
851,0.8821656050955414,0.8730434782608696,-0.00912212683467184
852,0.9041095890410958,0.9255663430420712,0.021456754000975353
853,0.8986928104575164,0.8764805414551607,-0.022212269002355622
854,0.900163666121113,0.8964346349745331,-0.003729031146579853
855,0.9004739336492891,0.9195402298850575,0.019066296235768387
856,0.863013698630137,0.8851851851851852,0.022171486555048192
857,0.8870703764320785,0.9056603773584906,0.018590000926412054
858,0.9044585987261147,0.9203252032520325,0.015866604525917816
859,0.8985024958402662,0.9122807017543859,0.013778205914119712
860,0.8735632183908046,0.9071428571428571,0.0335796387520525
861,0.9216,0.9046052631578947,-0.016994736842105285
862,0.9175738724727839,0.9146537842190016,-0.002920088253782316
863,0.8735244519392917,0.8840579710144928,0.010533519075201059
864,0.9094017094017094,0.9236234458259325,0.014221736424223086
865,0.8990228013029316,0.9006622516556292,0.0016394503526976356
866,0.889589905362776,0.919732441471572,0.030142536108795914
867,0.8955223880597015,0.900523560209424,0.00500117214972251
868,0.8921095008051529,0.9060402684563759,0.01393076765122292
869,0.8870151770657673,0.8932384341637011,0.00622325709793381
870,0.890728476821192,0.906896551724138,0.016168074902945917
871,0.8954248366013072,0.9134125636672326,0.01798772706592533
872,0.8760330578512396,0.9001751313485113,0.02414207349727171
873,0.893353941267388,0.8985024958402662,0.005148554572878217
874,0.8931419457735247,0.8896210873146623,-0.003520858458862408
875,0.8950617283950617,0.9225589225589226,0.027497194163860872
876,0.9028006589785832,0.9112227805695142,0.008422121590931031
877,0.8814691151919867,0.8884955752212389,0.007026460029252224
878,0.8862068965517241,0.8954128440366973,0.009205947484973165
879,0.8841059602649006,0.8734835355285961,-0.010622424736304481
880,0.8816855753646677,0.9072164948453608,0.02553091948069308
881,0.8914473684210527,0.8998242530755711,0.008376884654518468
882,0.888135593220339,0.8946459412780656,0.006510348057726656
883,0.9163987138263665,0.9194630872483222,0.003064373421955646
884,0.8835616438356164,0.8805704099821747,-0.0029912338534416882
885,0.9036334913112164,0.9021558872305141,-0.0014776040807022994
886,0.8979591836734694,0.8971631205673759,-0.0007960631060934809
887,0.9085072231139647,0.9267461669505963,0.018238943836631605
888,0.9093851132686084,0.9292929292929293,0.0199078160243209
889,0.9049919484702094,0.9063545150501672,0.0013625665799578135
890,0.903125,0.9271523178807947,0.024027317880794707
891,0.8781302170283807,0.8872987477638641,0.009168530735483404
892,0.9123376623376623,0.9026845637583892,-0.0096530985792731
893,0.8803827751196173,0.8899835796387521,0.009600804519134809
894,0.8932038834951457,0.9087837837837838,0.015579900288638093
895,0.9039039039039038,0.9122257053291536,0.008321801425249742
896,0.8542713567839196,0.8841354723707665,0.029864115586846873
897,0.897196261682243,0.9007874015748032,0.0035911398925602134
898,0.8922558922558923,0.9035714285714286,0.011315536315536279
899,0.8860759493670886,0.8955223880597015,0.009446438692612968
900,0.8896321070234113,0.8850771869639794,-0.004554920059431922
901,0.8995363214837713,0.899505766062603,-3.0555421168254604e-05
902,0.8998459167950693,0.8913738019169329,-0.008472114878136372
903,0.8866995073891626,0.8812392426850258,-0.005460264704136741
904,0.8978328173374613,0.9019607843137255,0.0041279669762641635
905,0.8743882544861338,0.8858131487889274,0.011424894302793587
906,0.9129032258064517,0.9331046312178388,0.020201405411387152
907,0.8903878583473862,0.9084507042253521,0.018062845877965916
908,0.8938906752411575,0.898989898989899,0.005099223748741499
909,0.8809523809523809,0.9035714285714286,0.02261904761904765
910,0.8977469670710572,0.9128787878787878,0.015131820807730678
911,0.890728476821192,0.9050086355785838,0.014280158757391748
912,0.8852459016393442,0.896551724137931,0.011305822498586804
913,0.8600337268128162,0.8647686832740213,0.004734956461205142
914,0.8972267536704731,0.903448275862069,0.006221522191595885
915,0.8835616438356164,0.855595667870036,-0.02796597596558037
916,0.8954248366013072,0.8896551724137931,-0.005769664187514123
917,0.9006211180124224,0.9357495881383855,0.035128470125963096
918,0.8881469115191987,0.8862478777589134,-0.001899033760285218
919,0.874806800618238,0.9042904290429042,0.02948362842466623
920,0.8731942215088283,0.8892561983471075,0.016061976838279146
921,0.8782051282051282,0.8974789915966387,0.019273863391510493
922,0.861244019138756,0.9013605442176871,0.04011652507893104
923,0.9115646258503401,0.8787346221441125,-0.032830003706227684
924,0.898360655737705,0.9187279151943463,0.020367259456641307
925,0.8782051282051282,0.8940397350993378,0.01583460689420957
926,0.8870703764320785,0.8970331588132635,0.009962782381184976
927,0.9040247678018576,0.8885298869143781,-0.015494880887479523
928,0.9029126213592233,0.8930390492359932,-0.009873572123230145
929,0.9008403361344538,0.9097222222222222,0.00888188608776841
930,0.8943089430894309,0.9131944444444444,0.018885501355013545
931,0.8731884057971014,0.8905660377358491,0.01737763193874764
932,0.900163666121113,0.9128919860627178,0.012728319941604838
933,0.8973509933774835,0.8900343642611683,-0.007316629116315143
934,0.8768472906403941,0.891156462585034,0.014309171944639876
935,0.889937106918239,0.8968903436988543,0.006953236780615324
936,0.8885135135135135,0.8936936936936937,0.005180180180180183
937,0.9081632653061225,0.9006849315068494,-0.007478333799273096
938,0.8986486486486487,0.9094138543516874,0.010765205703038738
939,0.9131121642969984,0.9075907590759076,-0.005521405221090792
940,0.9088050314465409,0.91,0.0011949685534591303
941,0.8903654485049833,0.9040139616055847,0.013648513100601334
942,0.8878357030015798,0.9021558872305141,0.01432018422893433
943,0.9272151898734177,0.9259259259259259,-0.0012892639474917367
944,0.8906497622820919,0.8877887788778878,-0.0028609834042041538
945,0.8884955752212389,0.8938547486033519,0.005359173382113003
946,0.8754448398576512,0.8838951310861424,0.008450291228491169
947,0.9052287581699346,0.9262435677530018,0.021014809583067118
948,0.891846921797005,0.9042553191489362,0.012408397351931222
949,0.9107981220657277,0.9132569558101473,0.002458833744419575
950,0.8985507246376812,0.9032258064516129,0.004675081813931725
951,0.9059561128526645,0.9057851239669421,-0.00017098888572242288
952,0.8756218905472637,0.8908450704225352,0.015223179875271553
953,0.8828522920203735,0.9009009009009009,0.018048608880527395
954,0.8609715242881072,0.8880994671403197,0.02712794285221254
955,0.9051580698835274,0.9032258064516129,-0.0019322634319145493
956,0.8945686900958466,0.9187396351575456,0.024170945061699034
957,0.8576271186440678,0.9058614564831261,0.04823433783905828
958,0.8896551724137931,0.8976660682226212,0.008010895808828078
959,0.90625,0.9018181818181819,-0.004431818181818148
960,0.875,0.9014084507042254,0.026408450704225372
961,0.8917609046849758,0.9146757679180887,0.02291486323311287
962,0.8934817170111288,0.9230769230769231,0.029595206065794355
963,0.8911917098445595,0.8738898756660746,-0.017301834178484965
964,0.9152,0.9069373942470389,-0.008262605752961116
965,0.8811881188118812,0.8838028169014085,0.002614698089527301
966,0.8716216216216216,0.9133574007220217,0.04173577910040005
967,0.9007874015748032,0.9049180327868852,0.004130631212082014
968,0.8754098360655738,0.863481228668942,-0.011928607396631818
969,0.8888888888888888,0.8966725043782837,0.0077836154893948795
970,0.8998459167950693,0.8964401294498382,-0.003405787345231115
971,0.9063545150501672,0.9128919860627178,0.006537471012550644
972,0.8964346349745331,0.9122807017543859,0.015846066779852785
973,0.8849840255591054,0.8974789915966387,0.012494966037533306
974,0.8986384266263238,0.928,0.029361573373676286
975,0.8795986622073578,0.8958333333333334,0.01623467112597554
976,0.8875,0.896551724137931,0.009051724137931094
977,0.9303135888501742,0.9042553191489362,-0.026058269701238035
978,0.8963317384370016,0.9129720853858785,0.01664034694887684
979,0.886986301369863,0.9055258467023173,0.018539545332454277
980,0.8921568627450981,0.8839590443686007,-0.008197818376497357
981,0.8948194662480377,0.9073482428115016,0.012528776563463961
982,0.901453957996769,0.9018302828618968,0.0003763248651278417
983,0.8938193343898574,0.8948247078464107,0.0010053734565532713
984,0.8924558587479936,0.8956228956228957,0.0031670368749020517
985,0.9017713365539453,0.8941176470588236,-0.007653689495121685
986,0.8955696202531646,0.8903878583473862,-0.005181761905778348
987,0.8743545611015491,0.8772563176895307,0.002901756587981641
988,0.8962264150943396,0.8985507246376812,0.0023243095433415073
989,0.9033280507131537,0.9261083743842364,0.022780323671082736
990,0.8932676518883416,0.899488926746167,0.006221274857825421
991,0.8731466227347611,0.8873239436619719,0.014177320927210801
992,0.8758389261744967,0.8900709219858156,0.014231995811318954
993,0.8844221105527639,0.9017543859649123,0.017332275412148435
994,0.8657243816254417,0.8893058161350844,0.023581434509642674
995,0.8764805414551607,0.8896797153024911,0.013199173847330381
996,0.9025641025641026,0.911070780399274,0.00850667783517145
997,0.881619937694704,0.9025974025974026,0.020977464902698584
998,0.9167974882260597,0.8935483870967742,-0.023249101129285465
999,0.889267461669506,0.8829787234042553,-0.006288738265250671
